id,호선,역번호,출발역,latitude,longitude,출근시간_혼잡도합,퇴근시간_혼잡도합
1,1호선,150,서울역,37.555946,126.972317,182.85000000000002,239.85000000000002
2,1호선,151,시청,37.5657037,126.9768616,148.85,247.60000000000002
3,1호선,152,종각,37.570176,126.983197,134.9,232.6
4,1호선,153,종로3가,37.570436,126.992148,162.85,212.9
5,1호선,154,종로5가,37.570988,127.001921,160.05,215.0
6,1호선,155,동대문,37.571731,127.011069,166.55,197.45000000000002
7,1호선,156,신설동,37.5749456,127.0255567,140.3,177.5
8,1호선,157,제기동,37.5781758,127.0345907,129.6,169.89999999999998
9,1호선,158,청량리,37.581381,127.048958,118.3,148.65
10,1호선,159,동묘앞,37.573246,127.016589,151.29999999999998,184.55
11,2호선,201,시청,37.5657037,126.9768616,167.55,283.34999999999997
12,2호선,202,을지로입구,37.566065,126.982679,152.05,291.0
13,2호선,203,을지로3가,37.566288,126.991051,167.95,267.0
14,2호선,204,을지로4가,37.566621,126.997733,168.75000000000003,264.55
15,2호선,205,동대문역사문화공원,37.565682,127.008953,194.9,267.25
16,2호선,206,신당,37.5579144,127.01367,202.29999999999998,286.4
17,2호선,207,상왕십리,37.5645,127.028872,202.45,291.59999999999997
18,2호선,208,왕십리,37.568832,127.0252724,188.70000000000002,247.95
19,2호선,209,한양대,37.5555961,127.0436859,142.70000000000002,229.70000000000002
20,2호선,210,뚝섬,37.547206,127.047405,127.64999999999999,229.85
21,2호선,211,성수,37.5406846,127.0566319,59.7,117.4
22,2호선,212,건대입구,37.540372,127.069276,155.15,185.7
23,2호선,213,구의,37.5444007,127.092844,143.9,189.9
24,2호선,214,강변,37.535098,127.094695,143.95,190.45
25,2호선,215,잠실나루,37.520669,127.103839,140.29999999999998,193.10000000000002
26,2호선,216,잠실,37.5132612,127.1001336,172.64999999999998,192.05
27,2호선,217,잠실새내,37.511624,127.085585,183.55,227.05
28,2호선,218,종합운동장,37.511037,127.073674,190.54999999999998,230.39999999999998
29,2호선,219,삼성,37.508861,127.063149,162.25,281.79999999999995
30,2호선,220,선릉,37.504487,127.048957,210.45,308.9
31,2호선,221,역삼,37.5000776,127.0385419,211.29999999999998,358.45
32,2호선,222,강남,37.497952,127.027619,236.20000000000002,353.9
33,2호선,223,교대,37.4934705,127.01422849999996,267.09999999999997,356.65000000000003
34,2호선,224,서초,37.4883869,127.0167954,267.25,354.2
35,2호선,225,방배,37.4794939,126.9931207,271.45,352.15
36,2호선,226,사당,37.476559,126.981633,274.70000000000005,321.6
37,2호선,227,낙성대,37.477117,126.963418,247.0,306.75
38,2호선,228,서울대입구,37.48121,126.952712,230.15000000000003,285.09999999999997
39,2호선,229,봉천,37.482476,126.941574,215.3,269.2
40,2호선,230,신림,37.4631968,126.9358124,211.90000000000003,238.05
41,2호선,231,신대방,37.487519,126.913282,187.1,239.79999999999998
42,2호선,232,구로디지털단지,37.485215,126.901594,177.55,266.1
43,2호선,233,대림,37.4954266,126.9001326,198.35,266.70000000000005
44,2호선,234,신도림,37.5092011,126.8825748,216.1,236.15000000000003
45,2호선,235,문래,37.516637,126.891505,199.05,280.79999999999995
46,2호선,236,영등포구청,37.5248203,126.8959946,196.54999999999998,276.65
47,2호선,237,당산,37.5364736,126.9040058,196.1,273.40000000000003
48,2호선,238,합정,37.5469703,126.9089828,184.2,251.15000000000003
49,2호선,239,홍대입구,37.557527,126.9244669,166.5,229.70000000000002
50,2호선,240,신촌(지하),37.5550592,126.9364998,161.54999999999998,249.3
51,2호선,241,이대,37.556761,126.945857,164.8,252.35
52,2호선,242,아현,37.557382,126.956083,174.75,256.15
53,2호선,243,충정로,37.562683,126.9645745,175.75,265.6
54,2호선,244,용답,37.562178,127.050853,114.1,122.05
55,2호선,245,신답,37.569889,127.04701,102.15,109.0
56,2호선,246,신설동,37.5749456,127.0255567,56.05,28.55
57,2호선,247,도림천,37.51447,126.88264,139.5,217.15000000000003
58,2호선,248,양천구청,37.512322,126.86563299999996,137.3,183.75
59,2호선,249,신정네거리,37.520209,126.852796,105.6,132.54999999999998
60,2호선,250,용두,37.573927,127.038653,86.19999999999999,99.5
61,2호선,260,까치산,37.5317675,126.8467055,47.4,56.699999999999996
62,2호선,9001,성수E,37.544577,127.055991,64.95,107.95
63,2호선,9002,성수,37.5406846,127.0566319,22.1,100.4
64,2호선,9003,신도림,37.5092011,126.8825748,34.4,159.8
65,3호선,309,지축,37.64811400000001,126.913746,146.7,218.79999999999998
66,3호선,310,구파발,37.636581,126.91883299999998,106.6,138.75
67,3호선,311,연신내,37.618812,126.920842,123.30000000000001,158.2
68,3호선,312,불광,37.6191594,126.9355669,145.65,201.14999999999998
69,3호선,313,녹번,37.6046138,126.9323836,162.35000000000002,204.60000000000002
70,3호선,314,홍제,37.5928868,126.9489057,175.0,224.65
71,3호선,315,무악재,37.582634,126.950134,185.1,239.3
72,3호선,316,독립문,37.574453,126.957918,187.4,245.45000000000002
73,3호선,317,경복궁,37.575838,126.97358,185.25,272.5
74,3호선,318,안국,37.576556,126.985472,202.65,299.05
75,3호선,319,종로3가,37.570436,126.992148,199.7,281.75
76,3호선,320,을지로3가,37.566288,126.991051,169.05,259.95000000000005
77,3호선,321,충무로,37.5648394,126.9927416,186.8,247.60000000000002
78,3호선,322,동대입구,37.558306,127.00534199999998,177.64999999999998,267.20000000000005
79,3호선,323,약수,37.5513128,127.0109839,203.9,263.84999999999997
80,3호선,324,금호,37.54826,127.015789,211.5,288.5
81,3호선,325,옥수,37.5408564,127.0205647,223.2,294.95
82,3호선,326,압구정,37.5271478,127.0334517,198.75,324.15000000000003
83,3호선,327,신사,37.5162873,127.0200228,181.05,294.95
84,3호선,328,잠원,37.51296,127.011611,191.75,254.15
85,3호선,329,고속터미널,37.5049142,127.0049151,219.25,255.95
86,3호선,330,교대,37.4934705,127.01422849999996,180.8,274.25
87,3호선,331,남부터미널,37.484918,127.01629,149.20000000000002,233.95
88,3호선,332,양재,37.4719823,127.0374623,117.70000000000002,199.79999999999998
89,3호선,333,매봉,37.487035000000006,127.046918,113.9,155.65000000000003
90,3호선,334,도곡,37.4885906,127.0452757,109.10000000000001,132.35
91,3호선,335,대치,37.494569,127.063446,95.0,116.5
92,3호선,336,학여울,37.496683,127.070549,88.85000000000001,111.75
93,3호선,337,대청,37.493601,127.079526,83.49999999999999,104.55000000000001
94,3호선,338,일원,37.483869,127.084032,75.14999999999999,96.14999999999999
95,3호선,339,수서,37.4858752,127.0967179,69.25,88.3
96,3호선,340,가락시장,37.4923175,127.118104,66.35000000000001,76.0
97,3호선,341,경찰병원,37.495701,127.124206,41.35,53.95
98,3호선,342,오금,37.5022335,127.128354,26.549999999999997,13.850000000000001
99,4호선,409,불암산,37.67026,127.079011,28.95,29.9
100,4호선,410,상계,37.6729909,127.0703498,48.2,43.5
101,4호선,411,노원,37.654527,127.060551,66.05,75.05
102,4호선,412,창동,37.65276,127.047945,109.65,111.7
103,4호선,413,쌍문,37.6533557,127.0271003,142.04999999999998,152.85
104,4호선,414,수유,37.6371095,127.0247325,159.1,180.39999999999998
105,4호선,415,미아,37.626453000000005,127.02611899999998,166.85,204.24999999999997
106,4호선,416,미아사거리,37.613251,127.030084,185.4,213.7
107,4호선,417,길음,37.6085948,127.0220461,197.85000000000002,233.75
108,4호선,418,성신여대입구,37.59272,127.016544,216.84999999999997,258.3
109,4호선,419,한성대입구,37.588374,127.005907,228.0,279.0
110,4호선,420,혜화,37.5870733,126.9976788,228.15,300.85
111,4호선,421,동대문,37.571731,127.011069,249.15,316.55
112,4호선,422,동대문역사문화공원,37.565682,127.008953,214.95,304.09999999999997
113,4호선,423,충무로,37.5648394,126.9927416,177.20000000000002,259.35
114,4호선,424,명동,37.5609892,126.9861868,168.84999999999997,230.35
115,4호선,425,회현,37.5540455,126.97083379999998,153.45000000000002,225.70000000000002
116,4호선,426,서울역,37.555946,126.972317,142.2,190.60000000000002
117,4호선,427,숙대입구,37.545097,126.971987,117.3,160.3
118,4호선,428,삼각지,37.5350315,126.97345149999998,125.65,160.70000000000002
119,4호선,429,신용산,37.529187,126.967886,117.5,175.1
120,4호선,430,이촌,37.5174531,126.9665337,130.95,171.5
121,4호선,431,동작,37.502915,126.980341,134.95,189.6
122,4호선,432,총신대입구,37.486491,126.981876,138.45,189.64999999999998
123,4호선,433,사당,37.476559,126.981633,137.35000000000002,183.20000000000002
124,4호선,434,남태령,37.464237,126.989097,236.85000000000002,333.45
125,5호선,2511,방화,37.5759058,126.81359309999998,8.3,4.5
126,5호선,2512,개화산,37.572455,126.806839,18.25,21.25
127,5호선,2513,김포공항,37.56224,126.801396,46.400000000000006,55.1
128,5호선,2514,송정,37.561385,126.81205,61.8,87.5
129,5호선,2515,마곡,37.5619185,126.826919,61.849999999999994,110.89999999999999
130,5호선,2516,발산,37.558683,126.837595,70.75,139.6
131,5호선,2517,우장산,37.548783,126.836334,101.05000000000001,148.35
132,5호선,2518,화곡,37.5406979,126.8472722,125.8,167.20000000000002
133,5호선,2519,까치산,37.5317675,126.8467055,138.9,186.55
134,5호선,2520,신정,37.524987,126.85618099999998,140.55,198.1
135,5호선,2521,목동,37.526072,126.864301,151.5,214.1
136,5호선,2522,오목교,37.524553,126.87505,162.6,248.90000000000003
137,5호선,2523,양평,37.525606,126.886191,172.4,271.85
138,5호선,2524,영등포구청,37.5248203,126.8959946,145.45,252.24999999999997
139,5호선,2525,영등포시장,37.5236512,126.90546569999998,133.4,215.05
140,5호선,2526,신길,37.517346,126.9164095,155.5,218.7
141,5호선,2527,여의도,37.5292257,126.9293831,133.8,280.29999999999995
142,5호선,2528,여의나루,37.527141,126.93281,155.4,265.34999999999997
143,5호선,2529,마포,37.539705,126.94604,159.20000000000002,261.90000000000003
144,5호선,2530,공덕,37.54322,126.951576,164.4,239.64999999999998
145,5호선,2531,애오개,37.55359,126.956739,159.5,239.95
146,5호선,2532,충정로,37.562683,126.9645745,153.35,239.6
147,5호선,2533,서대문,37.56577,126.96665,139.85,241.54999999999998
148,5호선,2534,광화문,37.5696765,126.976177,117.15,251.35
149,5호선,2535,종로3가,37.570436,126.992148,133.25,213.59999999999997
150,5호선,2536,을지로4가,37.566621,126.997733,126.94999999999999,201.45
151,5호선,2537,동대문역사문화공원,37.565682,127.008953,124.5,196.1
152,5호선,2538,청구,37.5591145,127.0131005,137.24999999999997,204.55
153,5호선,2539,신금호,37.554468,127.020794,147.20000000000002,208.2
154,5호선,2540,행당,37.557402,127.029637,146.1,205.65000000000003
155,5호선,2541,왕십리,37.568832,127.0252724,143.8,247.95000000000002
156,5호선,2542,마장,37.566127,127.042965,181.95000000000002,252.45
157,5호선,2543,답십리,37.567072,127.052382,178.89999999999998,242.75
158,5호선,2544,장한평,37.561472,127.064657,171.40000000000003,242.35000000000002
159,5호선,2545,군자,37.5530337,127.073673,182.75,265.7
160,5호선,2546,아차산,37.552649,127.08923999999998,204.20000000000002,282.35
161,5호선,2547,광나루,37.545339,127.103623,192.8,278.15
162,5호선,2548,천호,37.5443765,127.1276202,176.55,262.65
163,5호선,2549,강동,37.53594,127.132187,265.6,169.9
164,5호선,2549,강동(하남검단산),37.539827,127.2231,47.0,211.5
165,5호선,2550,길동,37.537776,127.140009,228.5,310.70000000000005
166,5호선,2551,굽은다리,37.545539,127.142906,212.70000000000002,282.7
167,5호선,2552,명일,37.5490445,127.1508229,189.8,257.3
168,5호선,2553,고덕,37.555051,127.15411,169.35000000000002,237.6
169,5호선,2554,상일동,37.5570545,127.169184,151.1,180.89999999999998
170,5호선,2555,둔촌동,37.527657,127.13623099999998,143.15,159.25
171,5호선,2556,올림픽공원(한국체대),37.516628,127.13109,115.0,162.35
172,5호선,2557,방이,37.5156746,127.1253915,112.75,139.9
173,5호선,2558,오금,37.5022335,127.128354,83.0,132.95
174,5호선,2559,개롱,37.49797,127.135085,77.2,78.05
175,5호선,2560,거여,37.493422,127.143597,53.55,39.05
176,5호선,2561,마천,37.495027,127.152806,19.9,8.0
177,5호선,2562,강일,37.557471,127.17570999999998,127.75,166.4
178,5호선,2563,미사,37.563118,127.192932,99.1,104.69999999999999
179,5호선,2564,하남풍산,37.552059,127.20388,57.15,81.39999999999999
180,5호선,2565,하남시청,37.5419669,127.2062976,43.75,41.89999999999999
181,5호선,2566,하남검단산,37.539827,127.2231,15.7,11.2
182,5호선,9005,강동(마천),37.495027,127.152806,117.69999999999999,178.5
183,6호선,2611,응암,37.598472,126.915592,62.85,37.099999999999994
184,6호선,2612,역촌,37.606123,126.922791,69.5,129.8
185,6호선,2613,불광,37.6191594,126.9355669,30.1,83.0
186,6호선,2614,독바위,37.618397,126.933056,35.0,72.8
187,6호선,2615,연신내,37.618812,126.920842,78.6,94.4
188,6호선,2616,구산,37.610743,126.917852,97.8,78.2
189,6호선,2617,새절,37.591014,126.913582,104.05000000000001,140.0
190,6호선,2618,증산,37.5841679,126.9059643,116.05,165.70000000000002
191,6호선,2619,디지털미디어시티,37.5779636,126.9004205,117.8,194.10000000000002
192,6호선,2620,월드컵경기장,37.569656,126.899058,123.55,190.99999999999997
193,6호선,2621,마포구청,37.563418,126.903472,135.8,205.4
194,6호선,2622,망원,37.5554884,126.89986059999998,147.25000000000003,229.65
195,6호선,2623,합정,37.5469703,126.9089828,115.35,223.35
196,6호선,2624,상수,37.54667010000001,126.9244874,97.24999999999999,163.35
197,6호선,2625,광흥창,37.547478,126.931855,104.8,170.6
198,6호선,2626,대흥,37.547674,126.942332,105.9,173.05
199,6호선,2627,공덕,37.54322,126.951576,118.25,215.35
200,6호선,2628,효창공원앞,37.539289,126.961339,139.4,222.05
201,6호선,2629,삼각지,37.5350315,126.97345149999998,129.95,212.7
202,6호선,2630,녹사평,37.534945,126.9853515,118.45,189.35000000000002
203,6호선,2631,이태원,37.5385051,126.9925224,113.15,186.85
204,6호선,2632,한강진,37.539838,127.001766,111.55000000000001,187.3
205,6호선,2633,버티고개,37.548111,127.00714,120.19999999999999,180.35
206,6호선,2634,약수,37.5513128,127.0109839,119.7,212.99999999999997
207,6호선,2635,청구,37.5591145,127.0131005,150.1,210.05
208,6호선,2636,신당,37.5579144,127.01367,154.05,238.34999999999997
209,6호선,2637,동묘앞,37.573246,127.016589,186.15,263.55
210,6호선,2638,창신,37.579369,127.015299,196.25,261.05
211,6호선,2639,보문,37.5823948,127.01929709999996,187.4,240.89999999999998
212,6호선,2640,안암,37.586288,127.0261105,153.75,231.75
213,6호선,2641,고려대,37.590403,127.035926,152.25,203.8
214,6호선,2642,월곡,37.601925,127.04153,139.25,176.35000000000002
215,6호선,2643,상월곡,37.6066,127.048862,126.30000000000001,163.85000000000002
216,6호선,2644,돌곶이,37.610493,127.056403,120.9,145.89999999999998
217,6호선,2645,석계,37.6150815,127.0657675,109.24999999999999,140.35
218,6호선,2646,태릉입구,37.6179085,127.0750345,91.2,99.6
219,6호선,2647,화랑대,37.620237,127.083557,52.55,54.9
220,6호선,2648,봉화산,37.617379,127.091315,27.2,23.1
221,6호선,2649,신내,37.6127489,127.10327719999998,23.55,15.649999999999999
222,6호선,9006,응암S,37.5938352,126.9231281,63.49999999999999,145.2
223,7호선,2711,장암,37.700145,127.05318039999996,8.25,3.25
224,7호선,2712,도봉산,37.689596,127.04619449999998,39.1,19.65
225,7호선,2713,수락산,37.677881,127.055293,65.0,63.050000000000004
226,7호선,2714,마들,37.665375,127.05761400000002,87.55,84.35000000000001
227,7호선,2715,노원,37.654527,127.060551,102.35000000000001,120.75
228,7호선,2716,중계,37.6510125,127.0799977,132.3,148.1
229,7호선,2717,하계,37.63595,127.068213,147.65,168.2
230,7호선,2718,공릉,37.625787,127.072894,154.85,189.64999999999998
231,7호선,2719,태릉입구,37.6179085,127.0750345,156.20000000000002,204.15
232,7호선,2720,먹골,37.61078,127.077707,167.2,200.15
233,7호선,2721,중화,37.6005095,127.0781428,174.45,208.3
234,7호선,2722,상봉,37.5984717,127.0871082,201.04999999999998,223.70000000000002
235,7호선,2723,면목,37.588745,127.087494,218.60000000000002,254.3
236,7호선,2724,사가정,37.580966,127.088503,231.95000000000002,265.3
237,7호선,2725,용마산,37.573793,127.086818,236.04999999999998,282.9
238,7호선,2726,중곡,37.565535,127.084086,247.14999999999998,293.05
239,7호선,2727,군자,37.5530337,127.073673,267.85,300.84999999999997
240,7호선,2728,어린이대공원,37.547913,127.07461,258.34999999999997,314.85
241,7호선,2729,건대입구,37.540372,127.069276,224.85,313.1
242,7호선,2730,자양(뚝섬한강공원),37.5293507,127.06995619999998,239.60000000000002,275.54999999999995
243,7호선,2731,청담,37.5233931,127.0479736,215.64999999999998,291.4
244,7호선,2732,강남구청,37.517473,127.04116849999998,198.10000000000002,293.0
245,7호선,2733,학동,37.514236,127.031593,195.25,296.04999999999995
246,7호선,2734,논현,37.510163,127.021483,186.4,284.25
247,7호선,2735,반포,37.508213,127.011847,201.25,253.7
248,7호선,2736,고속터미널,37.5049142,127.0049151,193.10000000000002,289.5
249,7호선,2737,내방,37.487707,126.993598,213.45,287.5
250,7호선,2738,이수,37.486491,126.981876,212.05,256.3
251,7호선,2739,남성,37.484876,126.970673,192.9,237.05
252,7호선,2740,숭실대입구,37.496374,126.953504,176.75,225.10000000000002
253,7호선,2741,상도,37.4987343,126.9440592,165.35,213.29999999999998
254,7호선,2742,장승배기,37.504905,126.939191,163.25,206.45000000000002
255,7호선,2743,신대방삼거리,37.499717,126.92818899999996,159.7,193.1
256,7호선,2744,보라매,37.499929,126.920282,148.15,196.10000000000002
257,7호선,2745,신풍,37.50013,126.908969,150.79999999999998,190.35000000000002
258,7호선,2746,대림,37.4954266,126.9001326,152.85,228.05
259,7호선,2747,남구로,37.486087,126.887272,177.0,251.6
260,7호선,2748,가산디지털단지,37.48089,126.8825735,159.6,317.85
261,7호선,2749,철산,37.570176,126.983197,206.55,253.79999999999998
262,7호선,2750,광명사거리,37.4793066,126.8546747,183.64999999999998,228.7
263,7호선,2751,천왕,37.486686,126.838681,160.45,207.6
264,7호선,2752,온수,37.4941446,126.8206181,139.55,192.35000000000002
265,8호선,2810,암사역사공원,37.5571422,127.1373175,97.44999999999999,117.5
266,8호선,2811,암사,37.5578058,127.1310675,137.0,144.20000000000002
267,8호선,2812,천호,37.5443765,127.1276202,210.94999999999996,226.5
268,8호선,2813,강동구청,37.53051,127.120535,250.29999999999998,306.75
269,8호선,2814,몽촌토성,37.517641,127.11274,257.95,325.70000000000005
270,8호선,2815,잠실,37.5132612,127.1001336,201.6,399.45
271,8호선,2816,석촌,37.5057138,127.1070689,286.75,383.29999999999995
272,8호선,2817,송파,37.499739,127.112201,307.84999999999997,369.7
273,8호선,2818,가락시장,37.4923175,127.118104,272.15000000000003,356.59999999999997
274,8호선,2819,문정,37.4855846,127.1225635,220.14999999999998,336.45
275,8호선,2820,장지,37.477699,127.126274,209.39999999999998,251.95
276,8호선,2821,복정,37.4600037,127.1332905,163.39999999999998,194.5
277,8호선,2822,산성,37.457001,127.150027,105.85000000000001,109.8
278,8호선,2823,남한산성입구,37.451548,127.159837,84.35000000000001,87.95
279,8호선,2824,단대오거리,37.44505,127.156709,63.699999999999996,57.150000000000006
280,8호선,2825,신흥,37.440956,127.147509,43.900000000000006,43.05
281,8호선,2826,수진,37.4376051,127.1409692,37.6,37.3
282,8호선,2827,모란,37.432124,127.129064,13.799999999999999,24.75
283,8호선,2828,남위례,37.462856,127.139064,119.0,135.35
