"시","자치구","행정동","행정동코드","인구수","면적크기","인구밀도","축구장면적당인구수(7140㎡)"
"서울특별시","종로구","사직동","1111053000","8893","1.23","7230.081301","51.62"
"서울특별시","종로구","삼청동","1111054000","2095","1.49","1406.040268","10.04"
"서울특별시","종로구","부암동","1111055000","8874","2.27","3909.251101","27.91"
"서울특별시","종로구","평창동","1111056000","16986","8.87","1914.994363","13.67"
"서울특별시","종로구","무악동","1111057000","7694","0.36","21372.222222","152.6"
"서울특별시","종로구","교남동","1111058000","9462","0.35","27034.285714","193.02"
"서울특별시","종로구","가회동","1111060000","3567","0.54","6605.555556","47.16"
"서울특별시","종로구","종로1.2.3.4가동","1111061500","6659","2.35","2833.617021","20.23"
"서울특별시","종로구","종로5.6가동","1111063000","5421","0.6","9035","64.51"
"서울특별시","종로구","이화동","1111064000","7049","0.78","9037.179487","64.53"
"서울특별시","종로구","혜화동","1111065000","15764","1.12","14075","100.5"
"서울특별시","종로구","창신1동","1111067000","4393","0.31","14170.967742","101.18"
"서울특별시","종로구","창신2동","1111068000","7134","0.26","27438.461538","195.91"
"서울특별시","종로구","창신3동","1111069000","6089","0.23","26473.913043","189.02"
"서울특별시","종로구","숭인1동","1111070000","5673","0.23","24665.217391","176.11"
"서울특별시","종로구","숭인2동","1111071000","10265","0.35","29328.571429","209.41"
"서울특별시","종로구","청운효자동","1111051500","10799","2.57","4201.945525","30"
"서울특별시","중구","소공동","1114052000","2198","0.95","2313.684211","16.52"
"서울특별시","중구","회현동","1114054000","4074","0.84","4850","34.63"
"서울특별시","중구","명동","1114055000","2483","0.99","2508.080808","17.91"
"서울특별시","중구","필동","1114057000","4337","1.14","3804.385965","27.16"
"서울특별시","중구","장충동","1114058000","4571","1.36","3361.029412","24"
"서울특별시","중구","광희동","1114059000","5717","0.74","7725.675676","55.16"
"서울특별시","중구","을지로동","1114060500","3038","0.6","5063.333333","36.15"
"서울특별시","중구","신당동","1114061500","7332","0.55","13330.909091","95.18"
"서울특별시","중구","다산동","1114062500","12979","0.51","25449.019608","181.71"
"서울특별시","중구","약수동","1114063500","15672","0.48","32650","233.12"
"서울특별시","중구","청구동","1114064500","10687","0.34","31432.352941","224.43"
"서울특별시","중구","신당5동","1114065000","9937","0.39","25479.487179","181.92"
"서울특별시","중구","동화동","1114066500","9722","0.26","37392.307692","266.98"
"서울특별시","중구","황학동","1114067000","13166","0.33","39896.969697","284.86"
"서울특별시","중구","중림동","1114068000","11849","0.48","24685.416667","176.25"
"서울특별시","용산구","후암동","1117051000","15655","0.86","18203.488372","129.97"
"서울특별시","용산구","용산2가동","1117052000","8446","1.96","4309.183673","30.77"
"서울특별시","용산구","남영동","1117053000","6998","1.19","5880.672269","41.99"
"서울특별시","용산구","원효로2동","1117057000","13369","0.71","18829.577465","134.44"
"서울특별시","용산구","효창동","1117058000","10393","0.44","23620.454545","168.65"
"서울특별시","용산구","용문동","1117059000","11033","0.28","39403.571429","281.34"
"서울특별시","용산구","이촌1동","1117063000","24881","2.86","8699.65035","62.12"
"서울특별시","용산구","이촌2동","1117064000","7741","1.22","6345.081967","45.3"
"서울특별시","용산구","이태원1동","1117065000","5679","0.57","9963.157895","71.14"
"서울특별시","용산구","이태원2동","1117066000","8326","0.86","9681.395349","69.13"
"서울특별시","용산구","서빙고동","1117069000","12162","2.8","4343.571429","31.01"
"서울특별시","용산구","보광동","1117070000","5996","0.71","8445.070423","60.3"
"서울특별시","용산구","청파동","1117055500","18715","0.91","20565.934066","146.84"
"서울특별시","용산구","원효로1동","1117056000","17012","0.59","28833.898305","205.87"
"서울특별시","용산구","한강로동","1117062500","20832","2.9","7183.448276","51.29"
"서울특별시","용산구","한남동","1117068500","13724","3.01","4559.468439","32.55"
"서울특별시","성동구","왕십리2동","1120052000","15660","0.41","38195.121951","272.71"
"서울특별시","성동구","마장동","1120054000","21425","1.05","20404.761905","145.69"
"서울특별시","성동구","사근동","1120055000","12120","1.1","11018.181818","78.67"
"서울특별시","성동구","행당1동","1120056000","15699","0.59","26608.474576","189.98"
"서울특별시","성동구","행당2동","1120057000","22316","0.42","53133.333333","379.37"
"서울특별시","성동구","응봉동","1120058000","14375","0.57","25219.298246","180.07"
"서울특별시","성동구","금호1가동","1120059000","14264","0.46","31008.695652","221.4"
"서울특별시","성동구","금호4가동","1120062000","13791","0.84","16417.857143","117.22"
"서울특별시","성동구","성수1가1동","1120065000","14849","1.97","7537.563452","53.82"
"서울특별시","성동구","성수1가2동","1120066000","14199","0.89","15953.932584","113.91"
"서울특별시","성동구","성수2가1동","1120067000","13536","1.17","11569.230769","82.6"
"서울특별시","성동구","성수2가3동","1120069000","9424","1.03","9149.514563","65.33"
"서울특별시","성동구","송정동","1120072000","9034","0.75","12045.333333","86"
"서울특별시","성동구","용답동","1120079000","13144","2.31","5690.04329","40.63"
"서울특별시","성동구","왕십리도선동","1120053500","25511","0.72","35431.944444","252.98"
"서울특별시","성동구","금호2.3가동","1120061500","20556","0.64","32118.75","229.33"
"서울특별시","성동구","옥수동","1120064500","25190","1.94","12984.536082","92.71"
"서울특별시","광진구","화양동","1121571000","22945","1.16","19780.172414","141.23"
"서울특별시","광진구","군자동","1121573000","18522","0.74","25029.72973","178.71"
"서울특별시","광진구","중곡1동","1121574000","14830","0.62","23919.354839","170.78"
"서울특별시","광진구","중곡2동","1121575000","19753","0.55","35914.545455","256.43"
"서울특별시","광진구","중곡3동","1121576000","15179","0.6","25298.333333","180.63"
"서울특별시","광진구","중곡4동","1121577000","26838","2.32","11568.103448","82.6"
"서울특별시","광진구","능동","1121578000","10735","1.1","9759.090909","69.68"
"서울특별시","광진구","구의1동","1121585000","22879","0.56","40855.357143","291.71"
"서울특별시","광진구","구의2동","1121586000","24812","1.39","17850.359712","127.45"
"서울특별시","광진구","구의3동","1121587000","27459","1.02","26920.588235","192.21"
"서울특별시","광진구","광장동","1121581000","32912","2.39","13770.711297","98.32"
"서울특별시","광진구","자양1동","1121582000","21478","0.57","37680.701754","269.04"
"서울특별시","광진구","자양2동","1121583000","26301","1.68","15655.357143","111.78"
"서울특별시","광진구","자양3동","1121584000","26594","1.2","22161.666667","158.23"
"서울특별시","광진구","자양4동","1121584700","19886","1.16","17143.103448","122.4"
"서울특별시","동대문구","회기동","1123071000","10319","0.76","13577.631579","96.94"
"서울특별시","동대문구","휘경1동","1123072000","16767","0.63","26614.285714","190.03"
"서울특별시","동대문구","휘경2동","1123073000","23612","1.05","22487.619048","160.56"
"서울특별시","동대문구","청량리동","1123070500","17747","1.2","14789.166667","105.59"
"서울특별시","동대문구","용신동","1123053600","39010","1.61","24229.813665","173"
"서울특별시","동대문구","제기동","1123054500","22213","1.18","18824.576271","134.41"
"서울특별시","동대문구","전농1동","1123056000","32427","1.19","27249.579832","194.56"
"서울특별시","동대문구","전농2동","1123057000","17231","0.86","20036.046512","143.06"
"서울특별시","동대문구","답십리1동","1123060000","27241","0.81","33630.864198","240.12"
"서울특별시","동대문구","답십리2동","1123061000","27247","0.85","32055.294118","228.87"
"서울특별시","동대문구","장안1동","1123065000","37025","1.25","29620","211.49"
"서울특별시","동대문구","장안2동","1123066000","32824","1.09","30113.761468","215.01"
"서울특별시","동대문구","이문1동","1123074000","29956","1.04","28803.846154","205.66"
"서울특별시","동대문구","이문2동","1123075000","17923","0.69","25975.362319","185.46"
"서울특별시","중랑구","면목2동","1126052000","22912","0.73","31386.30137","224.1"
"서울특별시","중랑구","면목4동","1126054000","17467","1.1","15879.090909","113.38"
"서울특별시","중랑구","면목5동","1126055000","13906","0.64","21728.125","155.14"
"서울특별시","중랑구","면목7동","1126057000","20501","0.87","23564.367816","168.25"
"서울특별시","중랑구","상봉1동","1126058000","22785","0.85","26805.882353","191.39"
"서울특별시","중랑구","상봉2동","1126059000","21615","0.68","31786.764706","226.96"
"서울특별시","중랑구","중화1동","1126060000","17826","0.68","26214.705882","187.17"
"서울특별시","중랑구","중화2동","1126061000","25593","0.98","26115.306122","186.46"
"서울특별시","중랑구","묵1동","1126062000","32914","1.2","27428.333333","195.84"
"서울특별시","중랑구","묵2동","1126063000","17550","0.7","25071.428571","179.01"
"서울특별시","중랑구","망우3동","1126066000","15202","0.99","15355.555556","109.64"
"서울특별시","중랑구","신내1동","1126068000","36512","2.53","14431.620553","103.04"
"서울특별시","중랑구","신내2동","1126069000","18940","0.99","19131.313131","136.6"
"서울특별시","중랑구","면목본동","1126056500","31579","1.01","31266.336634","223.24"
"서울특별시","중랑구","면목3.8동","1126057500","23421","1.67","14024.550898","100.14"
"서울특별시","중랑구","망우본동","1126065500","37942","2.88","13174.305556","94.06"
"서울특별시","성북구","돈암1동","1129058000","13703","0.49","27965.306122","199.67"
"서울특별시","성북구","돈암2동","1129059000","22897","0.48","47702.083333","340.59"
"서울특별시","성북구","안암동","1129060000","15616","1.33","11741.353383","83.83"
"서울특별시","성북구","보문동","1129061000","15773","0.56","28166.071429","201.11"
"서울특별시","성북구","정릉1동","1129062000","17536","0.44","39854.545455","284.56"
"서울특별시","성북구","정릉2동","1129063000","21586","1.17","18449.57265","131.73"
"서울특별시","성북구","정릉3동","1129064000","13887","3.71","3743.126685","26.73"
"서울특별시","성북구","정릉4동","1129065000","23514","3.13","7512.460064","53.64"
"서울특별시","성북구","길음1동","1129066000","35386","0.79","44792.405063","319.82"
"서울특별시","성북구","길음2동","1129068500","21363","0.58","36832.758621","262.99"
"서울특별시","성북구","월곡1동","1129071500","24523","0.81","30275.308642","216.17"
"서울특별시","성북구","월곡2동","1129072500","18438","1.36","13557.352941","96.8"
"서울특별시","성북구","장위1동","1129076000","22603","0.7","32290","230.55"
"서울특별시","성북구","장위2동","1129077000","15675","0.67","23395.522388","167.04"
"서울특별시","성북구","장위3동","1129078000","18659","0.65","28706.153846","204.96"
"서울특별시","성북구","성북동","1129052500","15534","2.86","5431.468531","38.78"
"서울특별시","성북구","삼선동","1129055500","21603","0.92","23481.521739","167.66"
"서울특별시","성북구","동선동","1129057500","14883","0.73","20387.671233","145.57"
"서울특별시","성북구","종암동","1129070500","36796","1.46","25202.739726","179.95"
"서울특별시","성북구","석관동","1129081000","32803","1.73","18961.271676","135.38"
"서울특별시","강북구","번1동","1130559500","16007","0.66","24253.030303","173.17"
"서울특별시","강북구","번2동","1130560300","14199","0.95","14946.315789","106.72"
"서울특별시","강북구","번3동","1130560800","15443","1.1","14039.090909","100.24"
"서울특별시","강북구","수유1동","1130561500","19279","1.67","11544.311377","82.43"
"서울특별시","강북구","수유2동","1130562500","19827","0.57","34784.210526","248.36"
"서울특별시","강북구","수유3동","1130563500","22376","0.72","31077.777778","221.9"
"서울특별시","강북구","삼양동","1130553400","24385","0.91","26796.703297","191.33"
"서울특별시","강북구","미아동","1130553500","20212","0.93","21733.333333","155.18"
"서울특별시","강북구","송중동","1130554500","27320","1.01","27049.50495","193.13"
"서울특별시","강북구","송천동","1130555500","22534","0.9","25037.777778","178.77"
"서울특별시","강북구","삼각산동","1130557500","29852","0.62","48148.387097","343.78"
"서울특별시","강북구","우이동","1130564500","19393","10.28","1886.478599","13.47"
"서울특별시","강북구","인수동","1130566000","27959","3.28","8524.085366","60.86"
"서울특별시","도봉구","쌍문1동","1132066000","20513","1.24","16542.741935","118.12"
"서울특별시","도봉구","쌍문2동","1132067000","17315","0.54","32064.814815","228.94"
"서울특별시","도봉구","쌍문3동","1132068000","15915","0.5","31830","227.27"
"서울특별시","도봉구","쌍문4동","1132068100","17581","0.52","33809.615385","241.4"
"서울특별시","도봉구","방학1동","1132069000","27683","0.69","40120.289855","286.46"
"서울특별시","도봉구","방학2동","1132070000","17575","0.74","23750","169.58"
"서울특별시","도봉구","방학3동","1132071000","25312","2.62","9661.068702","68.98"
"서울특별시","도봉구","창1동","1132051100","23009","0.88","26146.590909","186.69"
"서울특별시","도봉구","창2동","1132051200","27518","1.05","26207.619048","187.12"
"서울특별시","도봉구","창3동","1132051300","12602","0.67","18808.955224","134.3"
"서울특별시","도봉구","창4동","1132051400","25917","0.95","27281.052632","194.79"
"서울특별시","도봉구","창5동","1132051500","23286","0.7","33265.714286","237.52"
"서울특별시","도봉구","도봉1동","1132052100","19385","8.72","2223.050459","15.87"
"서울특별시","도봉구","도봉2동","1132052200","25454","0.83","30667.46988","218.97"
"서울특별시","노원구","월계1동","1135056000","20147","1.16","17368.103448","124.01"
"서울특별시","노원구","월계2동","1135057000","24657","1.94","12709.793814","90.75"
"서울특별시","노원구","월계3동","1135058000","27732","1.17","23702.564103","169.24"
"서울특별시","노원구","공릉2동","1135060000","40744","6.82","5974.193548","42.66"
"서울특별시","노원구","하계1동","1135061100","25512","1.55","16459.354839","117.52"
"서울특별시","노원구","하계2동","1135061200","19499","0.51","38233.333333","272.99"
"서울특별시","노원구","중계본동","1135061900","22132","1.97","11234.517766","80.21"
"서울특별시","노원구","중계1동","1135062100","25835","0.63","41007.936508","292.8"
"서울특별시","노원구","중계4동","1135062400","18578","1.7","10928.235294","78.03"
"서울특별시","노원구","상계1동","1135063000","35950","5.62","6396.797153","45.67"
"서울특별시","노원구","상계2동","1135064000","18589","0.61","30473.770492","217.58"
"서울특별시","노원구","상계5동","1135067000","22062","1.01","21843.564356","155.96"
"서울특별시","노원구","상계8동","1135070000","21183","0.67","31616.41791","225.74"
"서울특별시","노원구","상계9동","1135071000","18877","0.81","23304.938272","166.4"
"서울특별시","노원구","상계10동","1135072000","17794","0.8","22242.5","158.81"
"서울특별시","노원구","상계3.4동","1135066500","26490","5.05","5245.544554","37.45"
"서울특별시","노원구","상계6.7동","1135069500","30180","1.11","27189.189189","194.13"
"서울특별시","노원구","중계2.3동","1135062500","31303","0.9","34781.111111","248.34"
"서울특별시","노원구","공릉1동","1135059500","35223","1.41","24980.851064","178.36"
"서울특별시","은평구","녹번동","1138051000","35170","1.79","19648.044693","140.29"
"서울특별시","은평구","불광1동","1138052000","33807","3.13","10800.958466","77.12"
"서울특별시","은평구","갈현1동","1138055100","13969","0.97","14401.030928","102.82"
"서울특별시","은평구","갈현2동","1138055200","26694","0.96","27806.25","198.54"
"서울특별시","은평구","구산동","1138056000","30576","1.38","22156.521739","158.2"
"서울특별시","은평구","대조동","1138057000","26986","0.85","31748.235294","226.68"
"서울특별시","은평구","응암1동","1138058000","31998","1.2","26665","190.39"
"서울특별시","은평구","응암2동","1138059000","26690","0.78","34217.948718","244.32"
"서울특별시","은평구","신사1동","1138063100","25618","0.84","30497.619048","217.75"
"서울특별시","은평구","신사2동","1138063200","19330","1","19330","138.02"
"서울특별시","은평구","증산동","1138064000","15195","0.81","18759.259259","133.94"
"서울특별시","은평구","수색동","1138065000","21125","1.29","16375.968992","116.92"
"서울특별시","은평구","진관동","1138069000","53654","11.53","4653.425846","33.23"
"서울특별시","은평구","불광2동","1138053000","26159","1.38","18955.797101","135.34"
"서울특별시","은평구","응암3동","1138060000","22782","0.63","36161.904762","258.2"
"서울특별시","은평구","역촌동","1138062500","44356","1.16","38237.931034","273.02"
"서울특별시","서대문구","천연동","1141052000","16320","0.97","16824.742268","120.13"
"서울특별시","서대문구","홍제1동","1141062000","24316","1.23","19769.105691","141.15"
"서울특별시","서대문구","홍제2동","1141065500","11850","1.05","11285.714286","80.58"
"서울특별시","서대문구","홍제3동","1141064000","17260","0.81","21308.641975","152.14"
"서울특별시","서대문구","홍은1동","1141066000","23302","1.58","14748.101266","105.3"
"서울특별시","서대문구","홍은2동","1141068500","27141","2.06","13175.242718","94.07"
"서울특별시","서대문구","남가좌1동","1141069000","17221","0.51","33766.666667","241.09"
"서울특별시","서대문구","남가좌2동","1141070000","28385","0.77","36863.636364","263.21"
"서울특별시","서대문구","북가좌1동","1141071000","17143","0.55","31169.090909","222.55"
"서울특별시","서대문구","북가좌2동","1141072000","29512","0.84","35133.333333","250.85"
"서울특별시","서대문구","충현동","1141056500","19223","1.12","17163.392857","122.55"
"서울특별시","서대문구","북아현동","1141055500","15139","0.46","32910.869565","234.98"
"서울특별시","서대문구","신촌동","1141058500","20660","2.63","7855.513308","56.09"
"서울특별시","서대문구","연희동","1141061500","33122","3.05","10859.672131","77.54"
"서울특별시","마포구","용강동","1144059000","21220","0.84","25261.904762","180.37"
"서울특별시","마포구","대흥동","1144060000","14221","0.87","16345.977011","116.71"
"서울특별시","마포구","염리동","1144061000","16761","0.44","38093.181818","271.99"
"서울특별시","마포구","신수동","1144063000","21924","0.78","28107.692308","200.69"
"서울특별시","마포구","서교동","1144066000","23514","1.65","14250.909091","101.75"
"서울특별시","마포구","합정동","1144068000","15562","1.72","9047.674419","64.6"
"서울특별시","마포구","망원1동","1144069000","18409","1.13","16291.150442","116.32"
"서울특별시","마포구","망원2동","1144070000","17131","0.67","25568.656716","182.56"
"서울특별시","마포구","연남동","1144071000","13819","0.64","21592.1875","154.17"
"서울특별시","마포구","성산1동","1144072000","18288","0.8","22860","163.22"
"서울특별시","마포구","성산2동","1144073000","38027","2.07","18370.531401","131.17"
"서울특별시","마포구","상암동","1144074000","29037","8.4","3456.785714","24.68"
"서울특별시","마포구","도화동","1144058500","20168","0.62","32529.032258","232.26"
"서울특별시","마포구","서강동","1144065500","24346","1.45","16790.344828","119.88"
"서울특별시","마포구","공덕동","1144056500","35837","1.01","35482.178218","253.34"
"서울특별시","마포구","아현동","1144055500","28702","0.76","37765.789474","269.65"
"서울특별시","양천구","목1동","1147051000","29946","1.41","21238.297872","151.64"
"서울특별시","양천구","목2동","1147052000","27724","1.03","26916.504854","192.18"
"서울특별시","양천구","목3동","1147053000","20537","0.53","38749.056604","276.67"
"서울특별시","양천구","목4동","1147054000","23553","0.57","41321.052632","295.03"
"서울특별시","양천구","목5동","1147055000","40449","1.81","22347.513812","159.56"
"서울특별시","양천구","신월1동","1147056000","18456","0.65","28393.846154","202.73"
"서울특별시","양천구","신월2동","1147057000","20367","0.61","33388.52459","238.39"
"서울특별시","양천구","신월3동","1147058000","13556","0.87","15581.609195","111.25"
"서울특별시","양천구","신월4동","1147059000","16651","0.52","32021.153846","228.63"
"서울특별시","양천구","신월5동","1147060000","13630","0.69","19753.623188","141.04"
"서울특별시","양천구","신월6동","1147061000","13664","0.41","33326.829268","237.95"
"서울특별시","양천구","신월7동","1147061100","17839","1.19","14990.756303","107.03"
"서울특별시","양천구","신정1동","1147062000","19421","0.7","27744.285714","198.09"
"서울특별시","양천구","신정2동","1147063000","18489","0.52","35555.769231","253.87"
"서울특별시","양천구","신정4동","1147065000","31103","1.01","30795.049505","219.88"
"서울특별시","양천구","신정3동","1147064000","46783","2.72","17199.632353","122.81"
"서울특별시","양천구","신정6동","1147067000","23840","0.96","24833.333333","177.31"
"서울특별시","양천구","신정7동","1147068000","27658","1.21","22857.85124","163.21"
"서울특별시","강서구","염창동","1150051000","41008","1.74","23567.816092","168.27"
"서울특별시","강서구","등촌1동","1150052000","24899","0.64","38904.6875","277.78"
"서울특별시","강서구","등촌2동","1150053000","18972","0.92","20621.73913","147.24"
"서울특별시","강서구","등촌3동","1150053500","28483","0.79","36054.43038","257.43"
"서울특별시","강서구","화곡본동","1150059000","31730","0.98","32377.55102","231.18"
"서울특별시","강서구","화곡2동","1150055000","16704","0.45","37120","265.04"
"서울특별시","강서구","화곡3동","1150056000","20499","0.53","38677.358491","276.16"
"서울특별시","강서구","화곡4동","1150057000","19033","0.82","23210.97561","165.73"
"서울특별시","강서구","화곡6동","1150059100","25345","1.11","22833.333333","163.03"
"서울특별시","강서구","화곡8동","1150059300","22308","0.53","42090.566038","300.53"
"서울특별시","강서구","가양1동","1150060300","33371","4.7","7100.212766","50.7"
"서울특별시","강서구","가양2동","1150060400","12892","1","12892","92.05"
"서울특별시","강서구","가양3동","1150060500","13324","0.5","26648","190.27"
"서울특별시","강서구","발산1동","1150061100","34595","2.94","11767.006803","84.02"
"서울특별시","강서구","공항동","1150062000","28534","10.87","2625.022999","18.74"
"서울특별시","강서구","방화1동","1150063000","40337","1.48","27254.72973","194.6"
"서울특별시","강서구","방화2동","1150064000","22627","6.41","3529.953198","25.2"
"서울특별시","강서구","방화3동","1150064100","21258","2.55","8336.470588","59.52"
"서울특별시","강서구","화곡1동","1150054000","49450","1.12","44151.785714","315.24"
"서울특별시","강서구","우장산동","1150061500","43616","1.36","32070.588235","228.98"
"서울특별시","구로구","신도림동","1153051000","35671","1.47","24265.986395","173.26"
"서울특별시","구로구","구로1동","1153052000","20061","1.02","19667.647059","140.43"
"서울특별시","구로구","구로2동","1153053000","21653","1.76","12302.840909","87.84"
"서울특별시","구로구","구로3동","1153054000","22668","1.02","22223.529412","158.68"
"서울특별시","구로구","구로4동","1153055000","17678","0.46","38430.434783","274.39"
"서울특별시","구로구","구로5동","1153056000","28451","1.03","27622.330097","197.22"
"서울특별시","구로구","고척1동","1153072000","26156","1.16","22548.275862","160.99"
"서울특별시","구로구","고척2동","1153073000","24844","1.02","24356.862745","173.91"
"서울특별시","구로구","개봉2동","1153075000","29079","0.8","36348.75","259.53"
"서울특별시","구로구","개봉3동","1153076000","18599","0.81","22961.728395","163.95"
"서울특별시","구로구","오류1동","1153077000","22855","0.59","38737.288136","276.58"
"서울특별시","구로구","오류2동","1153078000","35632","3.2","11135","79.5"
"서울특별시","구로구","수궁동","1153079000","21705","2.67","8129.213483","58.04"
"서울특별시","구로구","가리봉동","1153059500","8808","0.4","22020","157.22"
"서울특별시","구로구","개봉1동","1153074000","33123","1.31","25284.732824","180.53"
"서울특별시","구로구","항동","1153080000","15853","1.4","11323.571429","80.85"
"서울특별시","금천구","가산동","1154551000","25465","2.52","10105.15873","72.15"
"서울특별시","금천구","독산1동","1154561000","47528","2.09","22740.669856","162.37"
"서울특별시","금천구","독산2동","1154562000","17097","0.6","28495","203.45"
"서울특별시","금천구","독산3동","1154563000","22582","0.92","24545.652174","175.26"
"서울특별시","금천구","독산4동","1154564000","13770","0.59","23338.983051","166.64"
"서울특별시","금천구","시흥1동","1154567000","31083","1.71","18177.192982","129.79"
"서울특별시","금천구","시흥2동","1154568000","19776","1.26","15695.238095","112.06"
"서울특별시","금천구","시흥3동","1154569000","9954","1.07","9302.803738","66.42"
"서울특별시","금천구","시흥4동","1154570000","18293","0.87","21026.436782","150.13"
"서울특별시","금천구","시흥5동","1154571000","17164","1.39","12348.201439","88.17"
"서울특별시","영등포구","여의동","1156054000","34056","8.4","4054.285714","28.95"
"서울특별시","영등포구","당산1동","1156055000","21105","0.75","28140","200.92"
"서울특별시","영등포구","당산2동","1156056000","36392","1.55","23478.709677","167.64"
"서울특별시","영등포구","양평1동","1156061000","18200","0.88","20681.818182","147.67"
"서울특별시","영등포구","양평2동","1156062000","22468","3","7489.333333","53.47"
"서울특별시","영등포구","신길1동","1156063000","18906","0.66","28645.454545","204.53"
"서울특별시","영등포구","신길3동","1156065000","15990","0.52","30750","219.55"
"서울특별시","영등포구","신길4동","1156066000","11765","0.38","30960.526316","221.06"
"서울특별시","영등포구","신길5동","1156067000","9553","0.47","20325.531915","145.12"
"서울특별시","영등포구","신길6동","1156068000","17684","0.65","27206.153846","194.25"
"서울특별시","영등포구","신길7동","1156069000","19410","0.64","30328.125","216.54"
"서울특별시","영등포구","대림1동","1156070000","13214","0.49","26967.346939","192.55"
"서울특별시","영등포구","대림2동","1156071000","11462","0.55","20840","148.8"
"서울특별시","영등포구","대림3동","1156072000","20740","0.95","21831.578947","155.88"
"서울특별시","영등포구","영등포본동","1156051500","20258","1.02","19860.784314","141.81"
"서울특별시","영등포구","영등포동","1156053500","31267","1.26","24815.079365","177.18"
"서울특별시","영등포구","도림동","1156058500","17593","0.89","19767.41573","141.14"
"서울특별시","영등포구","문래동","1156060500","31114","1.49","20881.879195","149.1"
"서울특별시","동작구","노량진2동","1159052000","7755","0.64","12117.1875","86.52"
"서울특별시","동작구","상도1동","1159053000","44016","1.51","29149.668874","208.13"
"서울특별시","동작구","상도2동","1159054000","26799","0.98","27345.918367","195.25"
"서울특별시","동작구","상도3동","1159055000","23318","0.6","38863.333333","277.48"
"서울특별시","동작구","상도4동","1159056000","28740","0.75","38320","273.6"
"서울특별시","동작구","사당1동","1159062000","22127","0.79","28008.860759","199.98"
"서울특별시","동작구","사당3동","1159064000","23154","0.92","25167.391304","179.7"
"서울특별시","동작구","사당4동","1159065000","13556","0.38","35673.684211","254.71"
"서울특별시","동작구","사당5동","1159065100","13801","0.57","24212.280702","172.88"
"서울특별시","동작구","대방동","1159066000","33599","1.55","21676.774194","154.77"
"서울특별시","동작구","신대방1동","1159067000","22764","0.62","36716.129032","262.15"
"서울특별시","동작구","신대방2동","1159068000","22039","1.03","21397.087379","152.78"
"서울특별시","동작구","흑석동","1159060500","29851","1.68","17768.452381","126.87"
"서울특별시","동작구","노량진1동","1159051000","33103","1.58","20951.265823","149.59"
"서울특별시","동작구","사당2동","1159063000","27614","2.75","10041.454545","71.7"
"서울특별시","관악구","보라매동","1162052500","22912","0.76","30147.368421","215.25"
"서울특별시","관악구","청림동","1162054500","14220","0.3","47400","338.44"
"서울특별시","관악구","행운동","1162057500","28456","0.72","39522.222222","282.19"
"서울특별시","관악구","낙성대동","1162058500","17690","2.27","7792.951542","55.64"
"서울특별시","관악구","중앙동","1162061500","15196","0.39","38964.102564","278.2"
"서울특별시","관악구","인헌동","1162062500","25069","1.08","23212.037037","165.73"
"서울특별시","관악구","남현동","1162063000","17200","3.27","5259.938838","37.56"
"서울특별시","관악구","서원동","1162064500","22807","0.65","35087.692308","250.53"
"서울특별시","관악구","신원동","1162065500","17188","0.55","31250.909091","223.13"
"서울특별시","관악구","서림동","1162066500","23621","0.99","23859.59596","170.36"
"서울특별시","관악구","신사동","1162068500","22104","0.64","34537.5","246.6"
"서울특별시","관악구","신림동","1162069500","23429","0.54","43387.037037","309.78"
"서울특별시","관악구","난향동","1162071500","14320","0.8","17900","127.81"
"서울특별시","관악구","조원동","1162072500","19855","0.67","29634.328358","211.59"
"서울특별시","관악구","대학동","1162073500","24982","8.3","3009.879518","21.49"
"서울특별시","관악구","은천동","1162060500","31306","0.78","40135.897436","286.57"
"서울특별시","관악구","성현동","1162056500","29504","0.68","43388.235294","309.79"
"서울특별시","관악구","청룡동","1162059500","36093","1.18","30587.288136","218.39"
"서울특별시","관악구","난곡동","1162077500","24158","0.96","25164.583333","179.68"
"서울특별시","관악구","삼성동","1162074500","19972","2.66","7508.270677","53.61"
"서울특별시","관악구","미성동","1162076500","28386","1.38","20569.565217","146.87"
"서울특별시","서초구","서초1동","1165051000","19956","1.42","14053.521127","100.34"
"서울특별시","서초구","서초2동","1165052000","24811","1.24","20008.870968","142.86"
"서울특별시","서초구","서초3동","1165053000","32069","2.93","10945.051195","78.15"
"서울특별시","서초구","서초4동","1165053100","29978","0.88","34065.909091","243.23"
"서울특별시","서초구","잠원동","1165054000","34664","1.76","19695.454545","140.63"
"서울특별시","서초구","반포본동","1165055000","209","1.01","206.930693","1.48"
"서울특별시","서초구","반포1동","1165056000","33211","1","33211","237.13"
"서울특별시","서초구","반포2동","1165057000","26511","1.35","19637.777778","140.21"
"서울특별시","서초구","반포3동","1165058000","23630","1.28","18460.9375","131.81"
"서울특별시","서초구","반포4동","1165058100","18198","1.43","12725.874126","90.86"
"서울특별시","서초구","방배본동","1165059000","19920","0.67","29731.343284","212.28"
"서울특별시","서초구","방배1동","1165060000","16269","0.7","23241.428571","165.94"
"서울특별시","서초구","방배2동","1165061000","17433","1.93","9032.642487","64.49"
"서울특별시","서초구","방배3동","1165062000","15378","2.4","6407.5","45.75"
"서울특별시","서초구","방배4동","1165062100","25587","0.95","26933.684211","192.31"
"서울특별시","서초구","양재1동","1165065100","40411","5.76","7015.798611","50.09"
"서울특별시","서초구","양재2동","1165065200","20721","7.58","2733.641161","19.52"
"서울특별시","서초구","내곡동","1165066000","16584","12.68","1307.886435","9.34"
"서울특별시","강남구","신사동","1168051000","14980","1.89","7925.925926","56.59"
"서울특별시","강남구","개포3동","1168067500","15500","1.24","12500","89.25"
"서울특별시","강남구","논현1동","1168052100","20721","1.25","16576.8","118.36"
"서울특별시","강남구","논현2동","1168053100","20024","1.47","13621.768707","97.26"
"서울특별시","강남구","삼성1동","1168058000","12742","1.94","6568.041237","46.9"
"서울특별시","강남구","삼성2동","1168059000","30251","1.24","24395.967742","174.19"
"서울특별시","강남구","대치1동","1168060000","23572","0.79","29837.974684","213.04"
"서울특별시","강남구","대치2동","1168061000","38368","2","19184","136.97"
"서울특별시","강남구","대치4동","1168063000","17993","0.73","24647.945205","175.99"
"서울특별시","강남구","역삼1동","1168064000","34113","2.35","14516.170213","103.65"
"서울특별시","강남구","역삼2동","1168065000","35980","1.15","31286.956522","223.39"
"서울특별시","강남구","도곡1동","1168065500","20762","1.02","20354.901961","145.33"
"서울특별시","강남구","도곡2동","1168065600","31793","1.02","31169.607843","222.55"
"서울특별시","강남구","개포1동","1168066000","26545","1.27","20901.574803","149.24"
"서울특별시","강남구","개포2동","1168067000","40727","2.51","16225.896414","115.85"
"서울특별시","강남구","개포4동","1168069000","22924","1.49","15385.234899","109.85"
"서울특별시","강남구","일원본동","1168072000","22244","2.58","8621.705426","61.56"
"서울특별시","강남구","일원1동","1168073000","14124","0.92","15352.173913","109.61"
"서울특별시","강남구","수서동","1168075000","13501","1.43","9441.258741","67.41"
"서울특별시","강남구","세곡동","1168070000","45735","6.36","7191.037736","51.34"
"서울특별시","강남구","압구정동","1168054500","25478","2.53","10070.355731","71.9"
"서울특별시","강남구","청담동","1168056500","26088","2.33","11196.566524","79.94"
"서울특별시","송파구","풍납1동","1171051000","10633","0.77","13809.090909","98.6"
"서울특별시","송파구","풍납2동","1171052000","22871","1.59","14384.27673","102.7"
"서울특별시","송파구","거여1동","1171053100","11777","0.51","23092.156863","164.88"
"서울특별시","송파구","거여2동","1171053200","22893","0.53","43194.339623","308.41"
"서울특별시","송파구","마천1동","1171054000","15073","0.58","25987.931034","185.55"
"서울특별시","송파구","마천2동","1171055000","16928","0.89","19020.224719","135.8"
"서울특별시","송파구","방이1동","1171056100","14821","0.5","29642","211.64"
"서울특별시","송파구","방이2동","1171056200","26220","0.8","32775","234.01"
"서울특별시","송파구","오륜동","1171056600","17425","3.17","5496.845426","39.25"
"서울특별시","송파구","오금동","1171057000","36881","1.65","22352.121212","159.59"
"서울특별시","송파구","송파1동","1171058000","22894","0.79","28979.746835","206.92"
"서울특별시","송파구","송파2동","1171059000","19072","0.53","35984.90566","256.93"
"서울특별시","송파구","석촌동","1171060000","29982","0.95","31560","225.34"
"서울특별시","송파구","삼전동","1171061000","28228","0.95","29713.684211","212.16"
"서울특별시","송파구","가락본동","1171062000","24467","1.13","21652.212389","154.6"
"서울특별시","송파구","가락1동","1171063100","27059","1.34","20193.283582","144.18"
"서울특별시","송파구","가락2동","1171063200","28342","0.96","29522.916667","210.79"
"서울특별시","송파구","문정1동","1171064100","19631","0.56","35055.357143","250.3"
"서울특별시","송파구","문정2동","1171064200","28600","2.2","13000","92.82"
"서울특별시","송파구","장지동","1171064600","30615","1.37","22346.715328","159.56"
"서울특별시","송파구","위례동","1171064700","44823","2.55","17577.647059","125.5"
"서울특별시","송파구","잠실본동","1171065000","27162","0.94","28895.744681","206.32"
"서울특별시","송파구","잠실2동","1171067000","34500","2.18","15825.688073","113"
"서울특별시","송파구","잠실3동","1171068000","33368","1.49","22394.630872","159.9"
"서울특별시","송파구","잠실4동","1171069000","30439","1.56","19512.179487","139.32"
"서울특별시","송파구","잠실6동","1171071000","16084","2.79","5764.874552","41.16"
"서울특별시","송파구","잠실7동","1171072000","9283","0.6","15471.666667","110.47"
"서울특별시","강동구","명일1동","1174053000","24678","0.61","40455.737705","288.85"
"서울특별시","강동구","명일2동","1174054000","16812","0.97","17331.958763","123.75"
"서울특별시","강동구","고덕1동","1174055000","23647","1.51","15660.264901","111.81"
"서울특별시","강동구","고덕2동","1174056000","26167","2.5","10466.8","74.73"
"서울특별시","강동구","암사1동","1174057000","32583","1.02","31944.117647","228.08"
"서울특별시","강동구","암사2동","1174058000","14416","1.18","12216.949153","87.23"
"서울특별시","강동구","암사3동","1174059000","16873","2.51","6722.310757","48"
"서울특별시","강동구","천호1동","1174060000","24585","0.71","34626.760563","247.24"
"서울특별시","강동구","천호2동","1174061000","35650","1.57","22707.006369","162.13"
"서울특별시","강동구","천호3동","1174062000","27326","0.79","34589.873418","246.97"
"서울특별시","강동구","성내1동","1174064000","18890","0.58","32568.965517","232.54"
"서울특별시","강동구","성내2동","1174065000","24189","0.67","36102.985075","257.78"
"서울특별시","강동구","성내3동","1174066000","21543","0.71","30342.253521","216.64"
"서울특별시","강동구","길동","1174068500","48092","1.61","29870.807453","213.28"
"서울특별시","강동구","둔촌1동","1174069000","32866","0.92","35723.913043","255.07"
"서울특별시","강동구","둔촌2동","1174070000","25173","1.56","16136.538462","115.21"
"서울특별시","강동구","강일동","1174051500","34208","2.26","15136.283186","108.07"
"서울특별시","강동구","상일1동","1174052500","38871","1.82","21357.692308","152.49"
"서울특별시","강동구","상일2동","1174052600","13226","1.09","12133.944954","86.64"
